{
  "name": "Contamination",
  "version": "0.0.9",
  "factorio_version": "0.16",
  "title": "Radioactive Contamination",
  "author": "TimeO84",
  "homepage": "https://github.com/TimeO84/RadioactiveContamination",
  "dependencies": ["base >= 0.16"],
  "license": "https://github.com/TimeO84/RadioactiveContamination/blob/master/LICENSE",
  "description": "Adds radioactive contamination to your gameplay. Radiation does decay on players (not on items, DOT) , does not stop immediately after exposure stops. Radiation is not like pollution, it is only around radioactive items."
}
