{
    "name": "Advanced-Atomics",
    "version": "0.2.2",
    "title": "Advanced Atomics",
    "author": "drbert+madurban",
    "contact": "",
    "homepage": "",
    "factorio_version": "1.1",
    "dependencies": ["base >= 0.16"],
    "license": "MIT",
    "description": "Advanced Atomics provides you with improved versions of ammunition, armor and equipment made from Uranium or Plutonium-239. Research advanced atomic processes like Plutonium Nucleosynthesis to synthesize Pu-239 or Uranium Extraction to extract uranium from copper, iron or water."}
