{
    "name": "Advanced-Atomics",
    "version": "0.1.1",
    "title": "Advanced Atomics",
    "author": "drbert+madurban",
    "contact": "",
    "homepage": "",
    "factorio_version": "0.16",
    "dependencies": ["base >= 0.16"],
    "license": "MIT",
    "description": "Advanced Atomics provides you with improved versions of mining tools, armor, equipment and artillery shells. Every recipe requires Uranium or Plutonium-239, which can be synthesized super late-game after exploring plutonium nucleosynthesis."}
